{
  "fio version" : "fio-3.28",
  "timestamp" : 1753383289,
  "timestamp_ms" : 1753383289699,
  "time" : "Thu Jul 24 18:54:49 2025",
  "jobs" : [
    {
      "jobname" : "read",
      "groupid" : 0,
      "error" : 0,
      "eta" : 0,
      "elapsed" : 7,
      "job options" : {
        "name" : "read",
        "filename" : "/dev/nvme0n1",
        "rw" : "read",
        "direct" : "1",
        "ioengine" : "sync",
        "bs" : "16K",
        "size" : "1z",
        "offset" : "0z",
        "offset_increment" : "1z",
        "numjobs" : "2",
        "zonemode" : "zbd"
      },
      "read" : {
        "io_bytes" : 2214592512,
        "io_kbytes" : 2162688,
        "bw_bytes" : 362869492,
        "bw" : 354364,
        "iops" : 22147.796166,
        "runtime" : 6103,
        "total_ios" : 135168,
        "short_ios" : 0,
        "drop_ios" : 0,
        "slat_ns" : {
          "min" : 0,
          "max" : 0,
          "mean" : 0.000000,
          "stddev" : 0.000000,
          "N" : 0
        },
        "clat_ns" : {
          "min" : 88309,
          "max" : 397172,
          "mean" : 90079.528971,
          "stddev" : 1990.970581,
          "N" : 135168,
          "percentile" : {
            "1.000000" : 89600,
            "5.000000" : 89600,
            "10.000000" : 89600,
            "20.000000" : 89600,
            "30.000000" : 89600,
            "40.000000" : 89600,
            "50.000000" : 89600,
            "60.000000" : 89600,
            "70.000000" : 90624,
            "80.000000" : 90624,
            "90.000000" : 90624,
            "95.000000" : 90624,
            "99.000000" : 91648,
            "99.500000" : 92672,
            "99.900000" : 96768,
            "99.950000" : 108032,
            "99.990000" : 168960
          }
        },
        "lat_ns" : {
          "min" : 88335,
          "max" : 397197,
          "mean" : 90106.452171,
          "stddev" : 1991.984375,
          "N" : 135168
        },
        "bw_min" : 353920,
        "bw_max" : 356000,
        "bw_agg" : 100.000000,
        "bw_mean" : 354562.666667,
        "bw_dev" : 257.985057,
        "bw_samples" : 24,
        "iops_min" : 22120,
        "iops_max" : 22250,
        "iops_mean" : 22160.166667,
        "iops_stddev" : 16.124066,
        "iops_samples" : 24
      },
      "write" : {
        "io_bytes" : 0,
        "io_kbytes" : 0,
        "bw_bytes" : 0,
        "bw" : 0,
        "iops" : 0.000000,
        "runtime" : 0,
        "total_ios" : 0,
        "short_ios" : 0,
        "drop_ios" : 0,
        "slat_ns" : {
          "min" : 0,
          "max" : 0,
          "mean" : 0.000000,
          "stddev" : 0.000000,
          "N" : 0
        },
        "clat_ns" : {
          "min" : 0,
          "max" : 0,
          "mean" : 0.000000,
          "stddev" : 0.000000,
          "N" : 0
        },
        "lat_ns" : {
          "min" : 0,
          "max" : 0,
          "mean" : 0.000000,
          "stddev" : 0.000000,
          "N" : 0
        },
        "bw_min" : 0,
        "bw_max" : 0,
        "bw_agg" : 0.000000,
        "bw_mean" : 0.000000,
        "bw_dev" : 0.000000,
        "bw_samples" : 0,
        "iops_min" : 0,
        "iops_max" : 0,
        "iops_mean" : 0.000000,
        "iops_stddev" : 0.000000,
        "iops_samples" : 0
      },
      "trim" : {
        "io_bytes" : 0,
        "io_kbytes" : 0,
        "bw_bytes" : 0,
        "bw" : 0,
        "iops" : 0.000000,
        "runtime" : 0,
        "total_ios" : 0,
        "short_ios" : 0,
        "drop_ios" : 0,
        "slat_ns" : {
          "min" : 0,
          "max" : 0,
          "mean" : 0.000000,
          "stddev" : 0.000000,
          "N" : 0
        },
        "clat_ns" : {
          "min" : 0,
          "max" : 0,
          "mean" : 0.000000,
          "stddev" : 0.000000,
          "N" : 0
        },
        "lat_ns" : {
          "min" : 0,
          "max" : 0,
          "mean" : 0.000000,
          "stddev" : 0.000000,
          "N" : 0
        },
        "bw_min" : 0,
        "bw_max" : 0,
        "bw_agg" : 0.000000,
        "bw_mean" : 0.000000,
        "bw_dev" : 0.000000,
        "bw_samples" : 0,
        "iops_min" : 0,
        "iops_max" : 0,
        "iops_mean" : 0.000000,
        "iops_stddev" : 0.000000,
        "iops_samples" : 0
      },
      "sync" : {
        "total_ios" : 0,
        "lat_ns" : {
          "min" : 0,
          "max" : 0,
          "mean" : 0.000000,
          "stddev" : 0.000000,
          "N" : 0
        }
      },
      "job_runtime" : 12203,
      "usr_cpu" : 0.606408,
      "sys_cpu" : 6.064083,
      "ctx" : 135163,
      "majf" : 0,
      "minf" : 34,
      "iodepth_level" : {
        "1" : 100.000000,
        "2" : 0.000000,
        "4" : 0.000000,
        "8" : 0.000000,
        "16" : 0.000000,
        "32" : 0.000000,
        ">=64" : 0.000000
      },
      "iodepth_submit" : {
        "0" : 0.000000,
        "4" : 100.000000,
        "8" : 0.000000,
        "16" : 0.000000,
        "32" : 0.000000,
        "64" : 0.000000,
        ">=64" : 0.000000
      },
      "iodepth_complete" : {
        "0" : 0.000000,
        "4" : 100.000000,
        "8" : 0.000000,
        "16" : 0.000000,
        "32" : 0.000000,
        "64" : 0.000000,
        ">=64" : 0.000000
      },
      "latency_ns" : {
        "2" : 0.000000,
        "4" : 0.000000,
        "10" : 0.000000,
        "20" : 0.000000,
        "50" : 0.000000,
        "100" : 0.000000,
        "250" : 0.000000,
        "500" : 0.000000,
        "750" : 0.000000,
        "1000" : 0.000000
      },
      "latency_us" : {
        "2" : 0.000000,
        "4" : 0.000000,
        "10" : 0.000000,
        "20" : 0.000000,
        "50" : 0.000000,
        "100" : 99.929717,
        "250" : 0.068063,
        "500" : 0.010000,
        "750" : 0.000000,
        "1000" : 0.000000
      },
      "latency_ms" : {
        "2" : 0.000000,
        "4" : 0.000000,
        "10" : 0.000000,
        "20" : 0.000000,
        "50" : 0.000000,
        "100" : 0.000000,
        "250" : 0.000000,
        "500" : 0.000000,
        "750" : 0.000000,
        "1000" : 0.000000,
        "2000" : 0.000000,
        ">=2000" : 0.000000
      },
      "latency_depth" : 1,
      "latency_target" : 0,
      "latency_percentile" : 100.000000,
      "latency_window" : 0
    }
  ],
  "disk_util" : [
    {
      "name" : "nvme0n1",
      "read_ios" : 130656,
      "write_ios" : 0,
      "read_merges" : 0,
      "write_merges" : 0,
      "read_ticks" : 11368,
      "write_ticks" : 0,
      "in_queue" : 11368,
      "util" : 97.848566
    }
  ]
}
