{
  "fio version" : "fio-3.28",
  "timestamp" : 1753385467,
  "timestamp_ms" : 1753385467964,
  "time" : "Thu Jul 24 19:31:07 2025",
  "jobs" : [
    {
      "jobname" : "read",
      "groupid" : 0,
      "error" : 0,
      "eta" : 0,
      "elapsed" : 7,
      "job options" : {
        "name" : "read",
        "filename" : "/dev/nvme0n1",
        "rw" : "read",
        "direct" : "1",
        "ioengine" : "sync",
        "bs" : "16K",
        "size" : "1z",
        "offset" : "0z",
        "offset_increment" : "1z",
        "numjobs" : "4",
        "zonemode" : "zbd"
      },
      "read" : {
        "io_bytes" : 4429185024,
        "io_kbytes" : 4325376,
        "bw_bytes" : 723132248,
        "bw" : 706183,
        "iops" : 44136.489796,
        "runtime" : 6125,
        "total_ios" : 270336,
        "short_ios" : 0,
        "drop_ios" : 0,
        "slat_ns" : {
          "min" : 0,
          "max" : 0,
          "mean" : 0.000000,
          "stddev" : 0.000000,
          "N" : 0
        },
        "clat_ns" : {
          "min" : 88337,
          "max" : 319167,
          "mean" : 90390.570316,
          "stddev" : 2402.503418,
          "N" : 270336,
          "percentile" : {
            "1.000000" : 89600,
            "5.000000" : 89600,
            "10.000000" : 89600,
            "20.000000" : 89600,
            "30.000000" : 89600,
            "40.000000" : 89600,
            "50.000000" : 89600,
            "60.000000" : 89600,
            "70.000000" : 90624,
            "80.000000" : 90624,
            "90.000000" : 90624,
            "95.000000" : 94720,
            "99.000000" : 95744,
            "99.500000" : 96768,
            "99.900000" : 103936,
            "99.950000" : 144384,
            "99.990000" : 166912
          }
        },
        "lat_ns" : {
          "min" : 88358,
          "max" : 319188,
          "mean" : 90412.623728,
          "stddev" : 2404.959402,
          "N" : 270336
        },
        "bw_min" : 696640,
        "bw_max" : 712800,
        "bw_agg" : 100.000000,
        "bw_mean" : 706832.000000,
        "bw_dev" : 1258.718114,
        "bw_samples" : 48,
        "iops_min" : 43540,
        "iops_max" : 44550,
        "iops_mean" : 44177.000000,
        "iops_stddev" : 78.669882,
        "iops_samples" : 48
      },
      "write" : {
        "io_bytes" : 0,
        "io_kbytes" : 0,
        "bw_bytes" : 0,
        "bw" : 0,
        "iops" : 0.000000,
        "runtime" : 0,
        "total_ios" : 0,
        "short_ios" : 0,
        "drop_ios" : 0,
        "slat_ns" : {
          "min" : 0,
          "max" : 0,
          "mean" : 0.000000,
          "stddev" : 0.000000,
          "N" : 0
        },
        "clat_ns" : {
          "min" : 0,
          "max" : 0,
          "mean" : 0.000000,
          "stddev" : 0.000000,
          "N" : 0
        },
        "lat_ns" : {
          "min" : 0,
          "max" : 0,
          "mean" : 0.000000,
          "stddev" : 0.000000,
          "N" : 0
        },
        "bw_min" : 0,
        "bw_max" : 0,
        "bw_agg" : 0.000000,
        "bw_mean" : 0.000000,
        "bw_dev" : 0.000000,
        "bw_samples" : 0,
        "iops_min" : 0,
        "iops_max" : 0,
        "iops_mean" : 0.000000,
        "iops_stddev" : 0.000000,
        "iops_samples" : 0
      },
      "trim" : {
        "io_bytes" : 0,
        "io_kbytes" : 0,
        "bw_bytes" : 0,
        "bw" : 0,
        "iops" : 0.000000,
        "runtime" : 0,
        "total_ios" : 0,
        "short_ios" : 0,
        "drop_ios" : 0,
        "slat_ns" : {
          "min" : 0,
          "max" : 0,
          "mean" : 0.000000,
          "stddev" : 0.000000,
          "N" : 0
        },
        "clat_ns" : {
          "min" : 0,
          "max" : 0,
          "mean" : 0.000000,
          "stddev" : 0.000000,
          "N" : 0
        },
        "lat_ns" : {
          "min" : 0,
          "max" : 0,
          "mean" : 0.000000,
          "stddev" : 0.000000,
          "N" : 0
        },
        "bw_min" : 0,
        "bw_max" : 0,
        "bw_agg" : 0.000000,
        "bw_mean" : 0.000000,
        "bw_dev" : 0.000000,
        "bw_samples" : 0,
        "iops_min" : 0,
        "iops_max" : 0,
        "iops_mean" : 0.000000,
        "iops_stddev" : 0.000000,
        "iops_samples" : 0
      },
      "sync" : {
        "total_ios" : 0,
        "lat_ns" : {
          "min" : 0,
          "max" : 0,
          "mean" : 0.000000,
          "stddev" : 0.000000,
          "N" : 0
        }
      },
      "job_runtime" : 24491,
      "usr_cpu" : 0.628802,
      "sys_cpu" : 5.777633,
      "ctx" : 270334,
      "majf" : 0,
      "minf" : 71,
      "iodepth_level" : {
        "1" : 100.000000,
        "2" : 0.000000,
        "4" : 0.000000,
        "8" : 0.000000,
        "16" : 0.000000,
        "32" : 0.000000,
        ">=64" : 0.000000
      },
      "iodepth_submit" : {
        "0" : 0.000000,
        "4" : 100.000000,
        "8" : 0.000000,
        "16" : 0.000000,
        "32" : 0.000000,
        "64" : 0.000000,
        ">=64" : 0.000000
      },
      "iodepth_complete" : {
        "0" : 0.000000,
        "4" : 100.000000,
        "8" : 0.000000,
        "16" : 0.000000,
        "32" : 0.000000,
        "64" : 0.000000,
        ">=64" : 0.000000
      },
      "latency_ns" : {
        "2" : 0.000000,
        "4" : 0.000000,
        "10" : 0.000000,
        "20" : 0.000000,
        "50" : 0.000000,
        "100" : 0.000000,
        "250" : 0.000000,
        "500" : 0.000000,
        "750" : 0.000000,
        "1000" : 0.000000
      },
      "latency_us" : {
        "2" : 0.000000,
        "4" : 0.000000,
        "10" : 0.000000,
        "20" : 0.000000,
        "50" : 0.000000,
        "100" : 99.852776,
        "250" : 0.145375,
        "500" : 0.010000,
        "750" : 0.000000,
        "1000" : 0.000000
      },
      "latency_ms" : {
        "2" : 0.000000,
        "4" : 0.000000,
        "10" : 0.000000,
        "20" : 0.000000,
        "50" : 0.000000,
        "100" : 0.000000,
        "250" : 0.000000,
        "500" : 0.000000,
        "750" : 0.000000,
        "1000" : 0.000000,
        "2000" : 0.000000,
        ">=2000" : 0.000000
      },
      "latency_depth" : 1,
      "latency_target" : 0,
      "latency_percentile" : 100.000000,
      "latency_window" : 0
    }
  ],
  "disk_util" : [
    {
      "name" : "nvme0n1",
      "read_ios" : 260367,
      "write_ios" : 0,
      "read_merges" : 0,
      "write_merges" : 0,
      "read_ticks" : 22796,
      "write_ticks" : 0,
      "in_queue" : 22796,
      "util" : 98.381985
    }
  ]
}
