{
  "fio version" : "fio-3.28",
  "timestamp" : 1753387369,
  "timestamp_ms" : 1753387369393,
  "time" : "Thu Jul 24 20:02:49 2025",
  "jobs" : [
    {
      "jobname" : "write",
      "groupid" : 0,
      "error" : 0,
      "eta" : 0,
      "elapsed" : 83,
      "job options" : {
        "name" : "write",
        "filename" : "/dev/nvme0n1",
        "rw" : "write",
        "direct" : "1",
        "ioengine" : "sync",
        "bs" : "16K",
        "size" : "1z",
        "offset" : "0z",
        "offset_increment" : "1z",
        "numjobs" : "7",
        "zonemode" : "zbd"
      },
      "read" : {
        "io_bytes" : 0,
        "io_kbytes" : 0,
        "bw_bytes" : 0,
        "bw" : 0,
        "iops" : 0.000000,
        "runtime" : 0,
        "total_ios" : 0,
        "short_ios" : 0,
        "drop_ios" : 0,
        "slat_ns" : {
          "min" : 0,
          "max" : 0,
          "mean" : 0.000000,
          "stddev" : 0.000000,
          "N" : 0
        },
        "clat_ns" : {
          "min" : 0,
          "max" : 0,
          "mean" : 0.000000,
          "stddev" : 0.000000,
          "N" : 0
        },
        "lat_ns" : {
          "min" : 0,
          "max" : 0,
          "mean" : 0.000000,
          "stddev" : 0.000000,
          "N" : 0
        },
        "bw_min" : 0,
        "bw_max" : 0,
        "bw_agg" : 0.000000,
        "bw_mean" : 0.000000,
        "bw_dev" : 0.000000,
        "bw_samples" : 0,
        "iops_min" : 0,
        "iops_max" : 0,
        "iops_mean" : 0.000000,
        "iops_stddev" : 0.000000,
        "iops_samples" : 0
      },
      "write" : {
        "io_bytes" : 7751073792,
        "io_kbytes" : 7569408,
        "bw_bytes" : 93548732,
        "bw" : 91356,
        "iops" : 5709.761514,
        "runtime" : 82856,
        "total_ios" : 473088,
        "short_ios" : 0,
        "drop_ios" : 0,
        "slat_ns" : {
          "min" : 0,
          "max" : 0,
          "mean" : 0.000000,
          "stddev" : 0.000000,
          "N" : 0
        },
        "clat_ns" : {
          "min" : 734686,
          "max" : 28003775,
          "mean" : 1225220.525494,
          "stddev" : 569887.028098,
          "N" : 473088,
          "percentile" : {
            "1.000000" : 798720,
            "5.000000" : 815104,
            "10.000000" : 823296,
            "20.000000" : 864256,
            "30.000000" : 864256,
            "40.000000" : 929792,
            "50.000000" : 929792,
            "60.000000" : 995328,
            "70.000000" : 995328,
            "80.000000" : 2113536,
            "90.000000" : 2113536,
            "95.000000" : 2310144,
            "99.000000" : 2342912,
            "99.500000" : 2342912,
            "99.900000" : 2375680,
            "99.950000" : 2375680,
            "99.990000" : 2408448
          }
        },
        "lat_ns" : {
          "min" : 734756,
          "max" : 28004109,
          "mean" : 1225296.047019,
          "stddev" : 569886.982863,
          "N" : 473088
        },
        "bw_min" : 79648,
        "bw_max" : 91616,
        "bw_agg" : 100.000000,
        "bw_mean" : 91393.551515,
        "bw_dev" : 131.986124,
        "bw_samples" : 1155,
        "iops_min" : 4978,
        "iops_max" : 5726,
        "iops_mean" : 5712.096970,
        "iops_stddev" : 8.249133,
        "iops_samples" : 1155
      },
      "trim" : {
        "io_bytes" : 0,
        "io_kbytes" : 0,
        "bw_bytes" : 0,
        "bw" : 0,
        "iops" : 0.000000,
        "runtime" : 0,
        "total_ios" : 0,
        "short_ios" : 0,
        "drop_ios" : 0,
        "slat_ns" : {
          "min" : 0,
          "max" : 0,
          "mean" : 0.000000,
          "stddev" : 0.000000,
          "N" : 0
        },
        "clat_ns" : {
          "min" : 0,
          "max" : 0,
          "mean" : 0.000000,
          "stddev" : 0.000000,
          "N" : 0
        },
        "lat_ns" : {
          "min" : 0,
          "max" : 0,
          "mean" : 0.000000,
          "stddev" : 0.000000,
          "N" : 0
        },
        "bw_min" : 0,
        "bw_max" : 0,
        "bw_agg" : 0.000000,
        "bw_mean" : 0.000000,
        "bw_dev" : 0.000000,
        "bw_samples" : 0,
        "iops_min" : 0,
        "iops_max" : 0,
        "iops_mean" : 0.000000,
        "iops_stddev" : 0.000000,
        "iops_samples" : 0
      },
      "sync" : {
        "total_ios" : 0,
        "lat_ns" : {
          "min" : 0,
          "max" : 0,
          "mean" : 0.000000,
          "stddev" : 0.000000,
          "N" : 0
        }
      },
      "job_runtime" : 579971,
      "usr_cpu" : 0.082590,
      "sys_cpu" : 0.529682,
      "ctx" : 473117,
      "majf" : 0,
      "minf" : 100,
      "iodepth_level" : {
        "1" : 100.000000,
        "2" : 0.000000,
        "4" : 0.000000,
        "8" : 0.000000,
        "16" : 0.000000,
        "32" : 0.000000,
        ">=64" : 0.000000
      },
      "iodepth_submit" : {
        "0" : 0.000000,
        "4" : 100.000000,
        "8" : 0.000000,
        "16" : 0.000000,
        "32" : 0.000000,
        "64" : 0.000000,
        ">=64" : 0.000000
      },
      "iodepth_complete" : {
        "0" : 0.000000,
        "4" : 100.000000,
        "8" : 0.000000,
        "16" : 0.000000,
        "32" : 0.000000,
        "64" : 0.000000,
        ">=64" : 0.000000
      },
      "latency_ns" : {
        "2" : 0.000000,
        "4" : 0.000000,
        "10" : 0.000000,
        "20" : 0.000000,
        "50" : 0.000000,
        "100" : 0.000000,
        "250" : 0.000000,
        "500" : 0.000000,
        "750" : 0.000000,
        "1000" : 0.000000
      },
      "latency_us" : {
        "2" : 0.000000,
        "4" : 0.000000,
        "10" : 0.000000,
        "20" : 0.000000,
        "50" : 0.000000,
        "100" : 0.000000,
        "250" : 0.000000,
        "500" : 0.000000,
        "750" : 0.010000,
        "1000" : 74.367560
      },
      "latency_ms" : {
        "2" : 0.627790,
        "4" : 24.998309,
        "10" : 0.010000,
        "20" : 0.010000,
        "50" : 0.010000,
        "100" : 0.000000,
        "250" : 0.000000,
        "500" : 0.000000,
        "750" : 0.000000,
        "1000" : 0.000000,
        "2000" : 0.000000,
        ">=2000" : 0.000000
      },
      "latency_depth" : 1,
      "latency_target" : 0,
      "latency_percentile" : 100.000000,
      "latency_window" : 0
    }
  ],
  "disk_util" : [
    {
      "name" : "nvme0n1",
      "read_ios" : 99,
      "write_ios" : 471905,
      "read_merges" : 0,
      "write_merges" : 0,
      "read_ticks" : 5,
      "write_ticks" : 576548,
      "in_queue" : 576553,
      "util" : 99.920209
    }
  ]
}
