{
  "fio version" : "fio-3.28",
  "timestamp" : 1753132162,
  "timestamp_ms" : 1753132162990,
  "time" : "Mon Jul 21 21:09:22 2025",
  "jobs" : [
    {
      "jobname" : "write",
      "groupid" : 0,
      "error" : 0,
      "eta" : 0,
      "elapsed" : 115,
      "job options" : {
        "name" : "write",
        "filename" : "/dev/nvme0n1",
        "rw" : "write",
        "direct" : "1",
        "ioengine" : "sync",
        "bs" : "16K",
        "size" : "1z",
        "offset" : "15z",
        "offset_increment" : "1z",
        "numjobs" : "6",
        "zonemode" : "zbd"
      },
      "read" : {
        "io_bytes" : 0,
        "io_kbytes" : 0,
        "bw_bytes" : 0,
        "bw" : 0,
        "iops" : 0.000000,
        "runtime" : 0,
        "total_ios" : 0,
        "short_ios" : 0,
        "drop_ios" : 0,
        "slat_ns" : {
          "min" : 0,
          "max" : 0,
          "mean" : 0.000000,
          "stddev" : 0.000000,
          "N" : 0
        },
        "clat_ns" : {
          "min" : 0,
          "max" : 0,
          "mean" : 0.000000,
          "stddev" : 0.000000,
          "N" : 0
        },
        "lat_ns" : {
          "min" : 0,
          "max" : 0,
          "mean" : 0.000000,
          "stddev" : 0.000000,
          "N" : 0
        },
        "bw_min" : 0,
        "bw_max" : 0,
        "bw_agg" : 0.000000,
        "bw_mean" : 0.000000,
        "bw_dev" : 0.000000,
        "bw_samples" : 0,
        "iops_min" : 0,
        "iops_max" : 0,
        "iops_mean" : 0.000000,
        "iops_stddev" : 0.000000,
        "iops_samples" : 0
      },
      "write" : {
        "io_bytes" : 6643777536,
        "io_kbytes" : 6488064,
        "bw_bytes" : 58094275,
        "bw" : 56732,
        "iops" : 3545.793183,
        "runtime" : 114362,
        "total_ios" : 405504,
        "short_ios" : 0,
        "drop_ios" : 0,
        "slat_ns" : {
          "min" : 0,
          "max" : 0,
          "mean" : 0.000000,
          "stddev" : 0.000000,
          "N" : 0
        },
        "clat_ns" : {
          "min" : 730165,
          "max" : 70736038,
          "mean" : 1450089.504878,
          "stddev" : 748113.928615,
          "N" : 405504,
          "percentile" : {
            "1.000000" : 733184,
            "5.000000" : 733184,
            "10.000000" : 733184,
            "20.000000" : 733184,
            "30.000000" : 733184,
            "40.000000" : 1155072,
            "50.000000" : 1400832,
            "60.000000" : 1400832,
            "70.000000" : 2039808,
            "80.000000" : 2113536,
            "90.000000" : 2801664,
            "95.000000" : 2801664,
            "99.000000" : 2801664,
            "99.500000" : 2801664,
            "99.900000" : 2801664,
            "99.950000" : 2801664,
            "99.990000" : 2932736
          }
        },
        "lat_ns" : {
          "min" : 730221,
          "max" : 70736414,
          "mean" : 1450161.039114,
          "stddev" : 748119.631530,
          "N" : 405504
        },
        "bw_min" : 42112,
        "bw_max" : 131168,
        "bw_agg" : 100.000000,
        "bw_mean" : 69754.380344,
        "bw_dev" : 4218.536618,
        "bw_samples" : 1173,
        "iops_min" : 2632,
        "iops_max" : 8198,
        "iops_mean" : 4359.526330,
        "iops_stddev" : 263.646623,
        "iops_samples" : 1173
      },
      "trim" : {
        "io_bytes" : 0,
        "io_kbytes" : 0,
        "bw_bytes" : 0,
        "bw" : 0,
        "iops" : 0.000000,
        "runtime" : 0,
        "total_ios" : 0,
        "short_ios" : 0,
        "drop_ios" : 0,
        "slat_ns" : {
          "min" : 0,
          "max" : 0,
          "mean" : 0.000000,
          "stddev" : 0.000000,
          "N" : 0
        },
        "clat_ns" : {
          "min" : 0,
          "max" : 0,
          "mean" : 0.000000,
          "stddev" : 0.000000,
          "N" : 0
        },
        "lat_ns" : {
          "min" : 0,
          "max" : 0,
          "mean" : 0.000000,
          "stddev" : 0.000000,
          "N" : 0
        },
        "bw_min" : 0,
        "bw_max" : 0,
        "bw_agg" : 0.000000,
        "bw_mean" : 0.000000,
        "bw_dev" : 0.000000,
        "bw_samples" : 0,
        "iops_min" : 0,
        "iops_max" : 0,
        "iops_mean" : 0.000000,
        "iops_stddev" : 0.000000,
        "iops_samples" : 0
      },
      "sync" : {
        "total_ios" : 0,
        "lat_ns" : {
          "min" : 0,
          "max" : 0,
          "mean" : 0.000000,
          "stddev" : 0.000000,
          "N" : 0
        }
      },
      "job_runtime" : 588183,
      "usr_cpu" : 0.087898,
      "sys_cpu" : 0.449690,
      "ctx" : 405517,
      "majf" : 0,
      "minf" : 97,
      "iodepth_level" : {
        "1" : 100.000000,
        "2" : 0.000000,
        "4" : 0.000000,
        "8" : 0.000000,
        "16" : 0.000000,
        "32" : 0.000000,
        ">=64" : 0.000000
      },
      "iodepth_submit" : {
        "0" : 0.000000,
        "4" : 100.000000,
        "8" : 0.000000,
        "16" : 0.000000,
        "32" : 0.000000,
        "64" : 0.000000,
        ">=64" : 0.000000
      },
      "iodepth_complete" : {
        "0" : 0.000000,
        "4" : 100.000000,
        "8" : 0.000000,
        "16" : 0.000000,
        "32" : 0.000000,
        "64" : 0.000000,
        ">=64" : 0.000000
      },
      "latency_ns" : {
        "2" : 0.000000,
        "4" : 0.000000,
        "10" : 0.000000,
        "20" : 0.000000,
        "50" : 0.000000,
        "100" : 0.000000,
        "250" : 0.000000,
        "500" : 0.000000,
        "750" : 0.000000,
        "1000" : 0.000000
      },
      "latency_us" : {
        "2" : 0.000000,
        "4" : 0.000000,
        "10" : 0.000000,
        "20" : 0.000000,
        "50" : 0.000000,
        "100" : 0.000000,
        "250" : 0.000000,
        "500" : 0.000000,
        "750" : 36.944149,
        "1000" : 2.252259
      },
      "latency_ms" : {
        "2" : 29.649029,
        "4" : 31.152097,
        "10" : 0.000000,
        "20" : 0.000000,
        "50" : 0.010000,
        "100" : 0.010000,
        "250" : 0.000000,
        "500" : 0.000000,
        "750" : 0.000000,
        "1000" : 0.000000,
        "2000" : 0.000000,
        ">=2000" : 0.000000
      },
      "latency_depth" : 1,
      "latency_target" : 0,
      "latency_percentile" : 100.000000,
      "latency_window" : 0
    }
  ],
  "disk_util" : [
    {
      "name" : "nvme0n1",
      "read_ios" : 339,
      "write_ios" : 405210,
      "read_merges" : 0,
      "write_merges" : 0,
      "read_ticks" : 86,
      "write_ticks" : 586262,
      "in_queue" : 586348,
      "util" : 99.940457
    }
  ]
}
