{
  "fio version" : "fio-3.28",
  "timestamp" : 1752954049,
  "timestamp_ms" : 1752954049779,
  "time" : "Sat Jul 19 19:40:49 2025",
  "jobs" : [
    {
      "jobname" : "write",
      "groupid" : 0,
      "error" : 0,
      "eta" : 0,
      "elapsed" : 119,
      "job options" : {
        "name" : "write",
        "filename" : "/dev/nvme0n1",
        "rw" : "write",
        "direct" : "1",
        "ioengine" : "sync",
        "bs" : "16K",
        "size" : "1z",
        "offset" : "0z",
        "offset_increment" : "1z",
        "numjobs" : "6",
        "zonemode" : "zbd"
      },
      "read" : {
        "io_bytes" : 0,
        "io_kbytes" : 0,
        "bw_bytes" : 0,
        "bw" : 0,
        "iops" : 0.000000,
        "runtime" : 0,
        "total_ios" : 0,
        "short_ios" : 0,
        "drop_ios" : 0,
        "slat_ns" : {
          "min" : 0,
          "max" : 0,
          "mean" : 0.000000,
          "stddev" : 0.000000,
          "N" : 0
        },
        "clat_ns" : {
          "min" : 0,
          "max" : 0,
          "mean" : 0.000000,
          "stddev" : 0.000000,
          "N" : 0
        },
        "lat_ns" : {
          "min" : 0,
          "max" : 0,
          "mean" : 0.000000,
          "stddev" : 0.000000,
          "N" : 0
        },
        "bw_min" : 0,
        "bw_max" : 0,
        "bw_agg" : 0.000000,
        "bw_mean" : 0.000000,
        "bw_dev" : 0.000000,
        "bw_samples" : 0,
        "iops_min" : 0,
        "iops_max" : 0,
        "iops_mean" : 0.000000,
        "iops_stddev" : 0.000000,
        "iops_samples" : 0
      },
      "write" : {
        "io_bytes" : 6643777536,
        "io_kbytes" : 6488064,
        "bw_bytes" : 55991450,
        "bw" : 54679,
        "iops" : 3417.446927,
        "runtime" : 118657,
        "total_ios" : 405504,
        "short_ios" : 0,
        "drop_ios" : 0,
        "slat_ns" : {
          "min" : 0,
          "max" : 0,
          "mean" : 0.000000,
          "stddev" : 0.000000,
          "N" : 0
        },
        "clat_ns" : {
          "min" : 729385,
          "max" : 139359485,
          "mean" : 1404414.412918,
          "stddev" : 749893.533344,
          "N" : 405504,
          "percentile" : {
            "1.000000" : 733184,
            "5.000000" : 733184,
            "10.000000" : 733184,
            "20.000000" : 733184,
            "30.000000" : 733184,
            "40.000000" : 741376,
            "50.000000" : 1400832,
            "60.000000" : 1400832,
            "70.000000" : 2072576,
            "80.000000" : 2113536,
            "90.000000" : 2113536,
            "95.000000" : 2801664,
            "99.000000" : 2801664,
            "99.500000" : 2801664,
            "99.900000" : 2801664,
            "99.950000" : 2801664,
            "99.990000" : 2867200
          }
        },
        "lat_ns" : {
          "min" : 729449,
          "max" : 139360502,
          "mean" : 1404483.625402,
          "stddev" : 749900.842400,
          "N" : 405504
        },
        "bw_min" : 39104,
        "bw_max" : 114880,
        "bw_agg" : 100.000000,
        "bw_mean" : 70612.125945,
        "bw_dev" : 4272.051170,
        "bw_samples" : 1137,
        "iops_min" : 2444,
        "iops_max" : 7180,
        "iops_mean" : 4413.238144,
        "iops_stddev" : 266.996403,
        "iops_samples" : 1137
      },
      "trim" : {
        "io_bytes" : 0,
        "io_kbytes" : 0,
        "bw_bytes" : 0,
        "bw" : 0,
        "iops" : 0.000000,
        "runtime" : 0,
        "total_ios" : 0,
        "short_ios" : 0,
        "drop_ios" : 0,
        "slat_ns" : {
          "min" : 0,
          "max" : 0,
          "mean" : 0.000000,
          "stddev" : 0.000000,
          "N" : 0
        },
        "clat_ns" : {
          "min" : 0,
          "max" : 0,
          "mean" : 0.000000,
          "stddev" : 0.000000,
          "N" : 0
        },
        "lat_ns" : {
          "min" : 0,
          "max" : 0,
          "mean" : 0.000000,
          "stddev" : 0.000000,
          "N" : 0
        },
        "bw_min" : 0,
        "bw_max" : 0,
        "bw_agg" : 0.000000,
        "bw_mean" : 0.000000,
        "bw_dev" : 0.000000,
        "bw_samples" : 0,
        "iops_min" : 0,
        "iops_max" : 0,
        "iops_mean" : 0.000000,
        "iops_stddev" : 0.000000,
        "iops_samples" : 0
      },
      "sync" : {
        "total_ios" : 0,
        "lat_ns" : {
          "min" : 0,
          "max" : 0,
          "mean" : 0.000000,
          "stddev" : 0.000000,
          "N" : 0
        }
      },
      "job_runtime" : 569782,
      "usr_cpu" : 0.068272,
      "sys_cpu" : 0.487906,
      "ctx" : 405515,
      "majf" : 0,
      "minf" : 88,
      "iodepth_level" : {
        "1" : 100.000000,
        "2" : 0.000000,
        "4" : 0.000000,
        "8" : 0.000000,
        "16" : 0.000000,
        "32" : 0.000000,
        ">=64" : 0.000000
      },
      "iodepth_submit" : {
        "0" : 0.000000,
        "4" : 100.000000,
        "8" : 0.000000,
        "16" : 0.000000,
        "32" : 0.000000,
        "64" : 0.000000,
        ">=64" : 0.000000
      },
      "iodepth_complete" : {
        "0" : 0.000000,
        "4" : 100.000000,
        "8" : 0.000000,
        "16" : 0.000000,
        "32" : 0.000000,
        "64" : 0.000000,
        ">=64" : 0.000000
      },
      "latency_ns" : {
        "2" : 0.000000,
        "4" : 0.000000,
        "10" : 0.000000,
        "20" : 0.000000,
        "50" : 0.000000,
        "100" : 0.000000,
        "250" : 0.000000,
        "500" : 0.000000,
        "750" : 0.000000,
        "1000" : 0.000000
      },
      "latency_us" : {
        "2" : 0.000000,
        "4" : 0.000000,
        "10" : 0.000000,
        "20" : 0.000000,
        "50" : 0.000000,
        "100" : 0.000000,
        "250" : 0.000000,
        "500" : 0.000000,
        "750" : 40.121429,
        "1000" : 1.898625
      },
      "latency_ms" : {
        "2" : 26.540799,
        "4" : 31.435202,
        "10" : 0.010000,
        "20" : 0.010000,
        "50" : 0.000000,
        "100" : 0.010000,
        "250" : 0.010000,
        "500" : 0.000000,
        "750" : 0.000000,
        "1000" : 0.000000,
        "2000" : 0.000000,
        ">=2000" : 0.000000
      },
      "latency_depth" : 1,
      "latency_target" : 0,
      "latency_percentile" : 100.000000,
      "latency_window" : 0
    }
  ],
  "disk_util" : [
    {
      "name" : "nvme0n1",
      "read_ios" : 339,
      "write_ios" : 405495,
      "read_merges" : 0,
      "write_merges" : 0,
      "read_ticks" : 131,
      "write_ticks" : 567982,
      "in_queue" : 568113,
      "util" : 99.893859
    }
  ]
}
