{
  "fio version" : "fio-3.28",
  "timestamp" : 1753385733,
  "timestamp_ms" : 1753385733891,
  "time" : "Thu Jul 24 19:35:33 2025",
  "jobs" : [
    {
      "jobname" : "read",
      "groupid" : 0,
      "error" : 0,
      "eta" : 0,
      "elapsed" : 7,
      "job options" : {
        "name" : "read",
        "filename" : "/dev/nvme0n1",
        "rw" : "read",
        "direct" : "1",
        "ioengine" : "sync",
        "bs" : "16K",
        "size" : "1z",
        "offset" : "0z",
        "offset_increment" : "1z",
        "numjobs" : "2",
        "zonemode" : "zbd"
      },
      "read" : {
        "io_bytes" : 2214592512,
        "io_kbytes" : 2162688,
        "bw_bytes" : 362988446,
        "bw" : 354480,
        "iops" : 22155.056548,
        "runtime" : 6101,
        "total_ios" : 135168,
        "short_ios" : 0,
        "drop_ios" : 0,
        "slat_ns" : {
          "min" : 0,
          "max" : 0,
          "mean" : 0.000000,
          "stddev" : 0.000000,
          "N" : 0
        },
        "clat_ns" : {
          "min" : 88278,
          "max" : 249201,
          "mean" : 90057.190052,
          "stddev" : 1429.730087,
          "N" : 135168,
          "percentile" : {
            "1.000000" : 89600,
            "5.000000" : 89600,
            "10.000000" : 89600,
            "20.000000" : 89600,
            "30.000000" : 89600,
            "40.000000" : 89600,
            "50.000000" : 89600,
            "60.000000" : 89600,
            "70.000000" : 89600,
            "80.000000" : 90624,
            "90.000000" : 90624,
            "95.000000" : 90624,
            "99.000000" : 91648,
            "99.500000" : 92672,
            "99.900000" : 95744,
            "99.950000" : 107008,
            "99.990000" : 164864
          }
        },
        "lat_ns" : {
          "min" : 88300,
          "max" : 249222,
          "mean" : 90078.375022,
          "stddev" : 1430.512481,
          "N" : 135168
        },
        "bw_min" : 354112,
        "bw_max" : 355328,
        "bw_agg" : 100.000000,
        "bw_mean" : 354759.500000,
        "bw_dev" : 203.368784,
        "bw_samples" : 24,
        "iops_min" : 22132,
        "iops_max" : 22208,
        "iops_mean" : 22172.333333,
        "iops_stddev" : 12.753800,
        "iops_samples" : 24
      },
      "write" : {
        "io_bytes" : 0,
        "io_kbytes" : 0,
        "bw_bytes" : 0,
        "bw" : 0,
        "iops" : 0.000000,
        "runtime" : 0,
        "total_ios" : 0,
        "short_ios" : 0,
        "drop_ios" : 0,
        "slat_ns" : {
          "min" : 0,
          "max" : 0,
          "mean" : 0.000000,
          "stddev" : 0.000000,
          "N" : 0
        },
        "clat_ns" : {
          "min" : 0,
          "max" : 0,
          "mean" : 0.000000,
          "stddev" : 0.000000,
          "N" : 0
        },
        "lat_ns" : {
          "min" : 0,
          "max" : 0,
          "mean" : 0.000000,
          "stddev" : 0.000000,
          "N" : 0
        },
        "bw_min" : 0,
        "bw_max" : 0,
        "bw_agg" : 0.000000,
        "bw_mean" : 0.000000,
        "bw_dev" : 0.000000,
        "bw_samples" : 0,
        "iops_min" : 0,
        "iops_max" : 0,
        "iops_mean" : 0.000000,
        "iops_stddev" : 0.000000,
        "iops_samples" : 0
      },
      "trim" : {
        "io_bytes" : 0,
        "io_kbytes" : 0,
        "bw_bytes" : 0,
        "bw" : 0,
        "iops" : 0.000000,
        "runtime" : 0,
        "total_ios" : 0,
        "short_ios" : 0,
        "drop_ios" : 0,
        "slat_ns" : {
          "min" : 0,
          "max" : 0,
          "mean" : 0.000000,
          "stddev" : 0.000000,
          "N" : 0
        },
        "clat_ns" : {
          "min" : 0,
          "max" : 0,
          "mean" : 0.000000,
          "stddev" : 0.000000,
          "N" : 0
        },
        "lat_ns" : {
          "min" : 0,
          "max" : 0,
          "mean" : 0.000000,
          "stddev" : 0.000000,
          "N" : 0
        },
        "bw_min" : 0,
        "bw_max" : 0,
        "bw_agg" : 0.000000,
        "bw_mean" : 0.000000,
        "bw_dev" : 0.000000,
        "bw_samples" : 0,
        "iops_min" : 0,
        "iops_max" : 0,
        "iops_mean" : 0.000000,
        "iops_stddev" : 0.000000,
        "iops_samples" : 0
      },
      "sync" : {
        "total_ios" : 0,
        "lat_ns" : {
          "min" : 0,
          "max" : 0,
          "mean" : 0.000000,
          "stddev" : 0.000000,
          "N" : 0
        }
      },
      "job_runtime" : 12199,
      "usr_cpu" : 0.500041,
      "sys_cpu" : 6.041479,
      "ctx" : 135160,
      "majf" : 0,
      "minf" : 40,
      "iodepth_level" : {
        "1" : 100.000000,
        "2" : 0.000000,
        "4" : 0.000000,
        "8" : 0.000000,
        "16" : 0.000000,
        "32" : 0.000000,
        ">=64" : 0.000000
      },
      "iodepth_submit" : {
        "0" : 0.000000,
        "4" : 100.000000,
        "8" : 0.000000,
        "16" : 0.000000,
        "32" : 0.000000,
        "64" : 0.000000,
        ">=64" : 0.000000
      },
      "iodepth_complete" : {
        "0" : 0.000000,
        "4" : 100.000000,
        "8" : 0.000000,
        "16" : 0.000000,
        "32" : 0.000000,
        "64" : 0.000000,
        ">=64" : 0.000000
      },
      "latency_ns" : {
        "2" : 0.000000,
        "4" : 0.000000,
        "10" : 0.000000,
        "20" : 0.000000,
        "50" : 0.000000,
        "100" : 0.000000,
        "250" : 0.000000,
        "500" : 0.000000,
        "750" : 0.000000,
        "1000" : 0.000000
      },
      "latency_us" : {
        "2" : 0.000000,
        "4" : 0.000000,
        "10" : 0.000000,
        "20" : 0.000000,
        "50" : 0.000000,
        "100" : 99.930457,
        "250" : 0.069543,
        "500" : 0.000000,
        "750" : 0.000000,
        "1000" : 0.000000
      },
      "latency_ms" : {
        "2" : 0.000000,
        "4" : 0.000000,
        "10" : 0.000000,
        "20" : 0.000000,
        "50" : 0.000000,
        "100" : 0.000000,
        "250" : 0.000000,
        "500" : 0.000000,
        "750" : 0.000000,
        "1000" : 0.000000,
        "2000" : 0.000000,
        ">=2000" : 0.000000
      },
      "latency_depth" : 1,
      "latency_target" : 0,
      "latency_percentile" : 100.000000,
      "latency_window" : 0
    }
  ],
  "disk_util" : [
    {
      "name" : "nvme0n1",
      "read_ios" : 130703,
      "write_ios" : 0,
      "read_merges" : 0,
      "write_merges" : 0,
      "read_ticks" : 11378,
      "write_ticks" : 0,
      "in_queue" : 11379,
      "util" : 97.831526
    }
  ]
}
