{
  "fio version" : "fio-3.28",
  "timestamp" : 1752903765,
  "timestamp_ms" : 1752903765906,
  "time" : "Sat Jul 19 05:42:45 2025",
  "jobs" : [
    {
      "jobname" : "write",
      "groupid" : 0,
      "error" : 0,
      "eta" : 0,
      "elapsed" : 133,
      "job options" : {
        "name" : "write",
        "filename" : "/dev/nvme0n1",
        "rw" : "write",
        "direct" : "1",
        "ioengine" : "sync",
        "bs" : "16K",
        "size" : "1z",
        "offset" : "30z",
        "offset_increment" : "1z",
        "numjobs" : "7",
        "zonemode" : "zbd"
      },
      "read" : {
        "io_bytes" : 0,
        "io_kbytes" : 0,
        "bw_bytes" : 0,
        "bw" : 0,
        "iops" : 0.000000,
        "runtime" : 0,
        "total_ios" : 0,
        "short_ios" : 0,
        "drop_ios" : 0,
        "slat_ns" : {
          "min" : 0,
          "max" : 0,
          "mean" : 0.000000,
          "stddev" : 0.000000,
          "N" : 0
        },
        "clat_ns" : {
          "min" : 0,
          "max" : 0,
          "mean" : 0.000000,
          "stddev" : 0.000000,
          "N" : 0
        },
        "lat_ns" : {
          "min" : 0,
          "max" : 0,
          "mean" : 0.000000,
          "stddev" : 0.000000,
          "N" : 0
        },
        "bw_min" : 0,
        "bw_max" : 0,
        "bw_agg" : 0.000000,
        "bw_mean" : 0.000000,
        "bw_dev" : 0.000000,
        "bw_samples" : 0,
        "iops_min" : 0,
        "iops_max" : 0,
        "iops_mean" : 0.000000,
        "iops_stddev" : 0.000000,
        "iops_samples" : 0
      },
      "write" : {
        "io_bytes" : 7751073792,
        "io_kbytes" : 7569408,
        "bw_bytes" : 58386743,
        "bw" : 57018,
        "iops" : 3563.644033,
        "runtime" : 132754,
        "total_ios" : 473088,
        "short_ios" : 0,
        "drop_ios" : 0,
        "slat_ns" : {
          "min" : 0,
          "max" : 0,
          "mean" : 0.000000,
          "stddev" : 0.000000,
          "N" : 0
        },
        "clat_ns" : {
          "min" : 732160,
          "max" : 97891223,
          "mean" : 1959461.325821,
          "stddev" : 3503366.204731,
          "N" : 473088,
          "percentile" : {
            "1.000000" : 790528,
            "5.000000" : 798720,
            "10.000000" : 798720,
            "20.000000" : 806912,
            "30.000000" : 815104,
            "40.000000" : 815104,
            "50.000000" : 815104,
            "60.000000" : 831488,
            "70.000000" : 864256,
            "80.000000" : 2441216,
            "90.000000" : 2473984,
            "95.000000" : 2506752,
            "99.000000" : 19529728,
            "99.500000" : 19529728,
            "99.900000" : 19529728,
            "99.950000" : 19529728,
            "99.990000" : 19791872
          }
        },
        "lat_ns" : {
          "min" : 732225,
          "max" : 97891413,
          "mean" : 1959535.500366,
          "stddev" : 3503395.495461,
          "N" : 473088
        },
        "bw_min" : 1984,
        "bw_max" : 91616,
        "bw_agg" : 100.000000,
        "bw_mean" : 57048.720412,
        "bw_dev" : 5953.282479,
        "bw_samples" : 1853,
        "iops_min" : 124,
        "iops_max" : 5726,
        "iops_mean" : 3565.545026,
        "iops_stddev" : 372.080155,
        "iops_samples" : 1853
      },
      "trim" : {
        "io_bytes" : 0,
        "io_kbytes" : 0,
        "bw_bytes" : 0,
        "bw" : 0,
        "iops" : 0.000000,
        "runtime" : 0,
        "total_ios" : 0,
        "short_ios" : 0,
        "drop_ios" : 0,
        "slat_ns" : {
          "min" : 0,
          "max" : 0,
          "mean" : 0.000000,
          "stddev" : 0.000000,
          "N" : 0
        },
        "clat_ns" : {
          "min" : 0,
          "max" : 0,
          "mean" : 0.000000,
          "stddev" : 0.000000,
          "N" : 0
        },
        "lat_ns" : {
          "min" : 0,
          "max" : 0,
          "mean" : 0.000000,
          "stddev" : 0.000000,
          "N" : 0
        },
        "bw_min" : 0,
        "bw_max" : 0,
        "bw_agg" : 0.000000,
        "bw_mean" : 0.000000,
        "bw_dev" : 0.000000,
        "bw_samples" : 0,
        "iops_min" : 0,
        "iops_max" : 0,
        "iops_mean" : 0.000000,
        "iops_stddev" : 0.000000,
        "iops_samples" : 0
      },
      "sync" : {
        "total_ios" : 0,
        "lat_ns" : {
          "min" : 0,
          "max" : 0,
          "mean" : 0.000000,
          "stddev" : 0.000000,
          "N" : 0
        }
      },
      "job_runtime" : 929250,
      "usr_cpu" : 0.074038,
      "sys_cpu" : 0.326500,
      "ctx" : 473110,
      "majf" : 0,
      "minf" : 103,
      "iodepth_level" : {
        "1" : 100.000000,
        "2" : 0.000000,
        "4" : 0.000000,
        "8" : 0.000000,
        "16" : 0.000000,
        "32" : 0.000000,
        ">=64" : 0.000000
      },
      "iodepth_submit" : {
        "0" : 0.000000,
        "4" : 100.000000,
        "8" : 0.000000,
        "16" : 0.000000,
        "32" : 0.000000,
        "64" : 0.000000,
        ">=64" : 0.000000
      },
      "iodepth_complete" : {
        "0" : 0.000000,
        "4" : 100.000000,
        "8" : 0.000000,
        "16" : 0.000000,
        "32" : 0.000000,
        "64" : 0.000000,
        ">=64" : 0.000000
      },
      "latency_ns" : {
        "2" : 0.000000,
        "4" : 0.000000,
        "10" : 0.000000,
        "20" : 0.000000,
        "50" : 0.000000,
        "100" : 0.000000,
        "250" : 0.000000,
        "500" : 0.000000,
        "750" : 0.000000,
        "1000" : 0.000000
      },
      "latency_us" : {
        "2" : 0.000000,
        "4" : 0.000000,
        "10" : 0.000000,
        "20" : 0.000000,
        "50" : 0.000000,
        "100" : 0.000000,
        "250" : 0.000000,
        "500" : 0.000000,
        "750" : 0.080535,
        "1000" : 71.512277
      },
      "latency_ms" : {
        "2" : 0.010000,
        "4" : 23.863848,
        "10" : 0.010000,
        "20" : 4.532138,
        "50" : 0.010000,
        "100" : 0.010000,
        "250" : 0.000000,
        "500" : 0.000000,
        "750" : 0.000000,
        "1000" : 0.000000,
        "2000" : 0.000000,
        ">=2000" : 0.000000
      },
      "latency_depth" : 1,
      "latency_target" : 0,
      "latency_percentile" : 100.000000,
      "latency_window" : 0
    }
  ],
  "disk_util" : [
    {
      "name" : "nvme0n1",
      "read_ios" : 37,
      "write_ios" : 472497,
      "read_merges" : 0,
      "write_merges" : 0,
      "read_ticks" : 703,
      "write_ticks" : 925030,
      "in_queue" : 925733,
      "util" : 100.000000
    }
  ]
}
