{
  "fio version" : "fio-3.28",
  "timestamp" : 1752902780,
  "timestamp_ms" : 1752902780565,
  "time" : "Sat Jul 19 05:26:20 2025",
  "jobs" : [
    {
      "jobname" : "write",
      "groupid" : 0,
      "error" : 0,
      "eta" : 0,
      "elapsed" : 63,
      "job options" : {
        "name" : "write",
        "filename" : "/dev/nvme0n1",
        "rw" : "write",
        "direct" : "1",
        "ioengine" : "sync",
        "bs" : "16K",
        "size" : "1z",
        "offset" : "30z",
        "offset_increment" : "1z",
        "numjobs" : "2",
        "zonemode" : "zbd"
      },
      "read" : {
        "io_bytes" : 0,
        "io_kbytes" : 0,
        "bw_bytes" : 0,
        "bw" : 0,
        "iops" : 0.000000,
        "runtime" : 0,
        "total_ios" : 0,
        "short_ios" : 0,
        "drop_ios" : 0,
        "slat_ns" : {
          "min" : 0,
          "max" : 0,
          "mean" : 0.000000,
          "stddev" : 0.000000,
          "N" : 0
        },
        "clat_ns" : {
          "min" : 0,
          "max" : 0,
          "mean" : 0.000000,
          "stddev" : 0.000000,
          "N" : 0
        },
        "lat_ns" : {
          "min" : 0,
          "max" : 0,
          "mean" : 0.000000,
          "stddev" : 0.000000,
          "N" : 0
        },
        "bw_min" : 0,
        "bw_max" : 0,
        "bw_agg" : 0.000000,
        "bw_mean" : 0.000000,
        "bw_dev" : 0.000000,
        "bw_samples" : 0,
        "iops_min" : 0,
        "iops_max" : 0,
        "iops_mean" : 0.000000,
        "iops_stddev" : 0.000000,
        "iops_samples" : 0
      },
      "write" : {
        "io_bytes" : 2214592512,
        "io_kbytes" : 2162688,
        "bw_bytes" : 35676652,
        "bw" : 34840,
        "iops" : 2177.530045,
        "runtime" : 62074,
        "total_ios" : 135168,
        "short_ios" : 0,
        "drop_ios" : 0,
        "slat_ns" : {
          "min" : 0,
          "max" : 0,
          "mean" : 0.000000,
          "stddev" : 0.000000,
          "N" : 0
        },
        "clat_ns" : {
          "min" : 730056,
          "max" : 80964386,
          "mean" : 917452.574315,
          "stddev" : 811493.357135,
          "N" : 135168,
          "percentile" : {
            "1.000000" : 733184,
            "5.000000" : 733184,
            "10.000000" : 733184,
            "20.000000" : 733184,
            "30.000000" : 733184,
            "40.000000" : 733184,
            "50.000000" : 733184,
            "60.000000" : 733184,
            "70.000000" : 733184,
            "80.000000" : 733184,
            "90.000000" : 733184,
            "95.000000" : 2473984,
            "99.000000" : 5079040,
            "99.500000" : 5079040,
            "99.900000" : 5079040,
            "99.950000" : 5079040,
            "99.990000" : 5079040
          }
        },
        "lat_ns" : {
          "min" : 730112,
          "max" : 80965261,
          "mean" : 917520.070327,
          "stddev" : 811532.947448,
          "N" : 135168
        },
        "bw_min" : 6944,
        "bw_max" : 43776,
        "bw_agg" : 100.000000,
        "bw_mean" : 34843.612903,
        "bw_dev" : 7680.313308,
        "bw_samples" : 248,
        "iops_min" : 434,
        "iops_max" : 2736,
        "iops_mean" : 2177.725806,
        "iops_stddev" : 480.019582,
        "iops_samples" : 248
      },
      "trim" : {
        "io_bytes" : 0,
        "io_kbytes" : 0,
        "bw_bytes" : 0,
        "bw" : 0,
        "iops" : 0.000000,
        "runtime" : 0,
        "total_ios" : 0,
        "short_ios" : 0,
        "drop_ios" : 0,
        "slat_ns" : {
          "min" : 0,
          "max" : 0,
          "mean" : 0.000000,
          "stddev" : 0.000000,
          "N" : 0
        },
        "clat_ns" : {
          "min" : 0,
          "max" : 0,
          "mean" : 0.000000,
          "stddev" : 0.000000,
          "N" : 0
        },
        "lat_ns" : {
          "min" : 0,
          "max" : 0,
          "mean" : 0.000000,
          "stddev" : 0.000000,
          "N" : 0
        },
        "bw_min" : 0,
        "bw_max" : 0,
        "bw_agg" : 0.000000,
        "bw_mean" : 0.000000,
        "bw_dev" : 0.000000,
        "bw_samples" : 0,
        "iops_min" : 0,
        "iops_max" : 0,
        "iops_mean" : 0.000000,
        "iops_stddev" : 0.000000,
        "iops_samples" : 0
      },
      "sync" : {
        "total_ios" : 0,
        "lat_ns" : {
          "min" : 0,
          "max" : 0,
          "mean" : 0.000000,
          "stddev" : 0.000000,
          "N" : 0
        }
      },
      "job_runtime" : 124146,
      "usr_cpu" : 0.119214,
      "sys_cpu" : 0.740257,
      "ctx" : 135172,
      "majf" : 0,
      "minf" : 29,
      "iodepth_level" : {
        "1" : 100.000000,
        "2" : 0.000000,
        "4" : 0.000000,
        "8" : 0.000000,
        "16" : 0.000000,
        "32" : 0.000000,
        ">=64" : 0.000000
      },
      "iodepth_submit" : {
        "0" : 0.000000,
        "4" : 100.000000,
        "8" : 0.000000,
        "16" : 0.000000,
        "32" : 0.000000,
        "64" : 0.000000,
        ">=64" : 0.000000
      },
      "iodepth_complete" : {
        "0" : 0.000000,
        "4" : 100.000000,
        "8" : 0.000000,
        "16" : 0.000000,
        "32" : 0.000000,
        "64" : 0.000000,
        ">=64" : 0.000000
      },
      "latency_ns" : {
        "2" : 0.000000,
        "4" : 0.000000,
        "10" : 0.000000,
        "20" : 0.000000,
        "50" : 0.000000,
        "100" : 0.000000,
        "250" : 0.000000,
        "500" : 0.000000,
        "750" : 0.000000,
        "1000" : 0.000000
      },
      "latency_us" : {
        "2" : 0.000000,
        "4" : 0.000000,
        "10" : 0.000000,
        "20" : 0.000000,
        "50" : 0.000000,
        "100" : 0.000000,
        "250" : 0.000000,
        "500" : 0.000000,
        "750" : 93.455552,
        "1000" : 0.617750
      },
      "latency_ms" : {
        "2" : 0.010000,
        "4" : 2.961500,
        "10" : 2.962240,
        "20" : 0.000000,
        "50" : 0.000000,
        "100" : 0.010000,
        "250" : 0.000000,
        "500" : 0.000000,
        "750" : 0.000000,
        "1000" : 0.000000,
        "2000" : 0.000000,
        ">=2000" : 0.000000
      },
      "latency_depth" : 1,
      "latency_target" : 0,
      "latency_percentile" : 100.000000,
      "latency_window" : 0
    }
  ],
  "disk_util" : [
    {
      "name" : "nvme0n1",
      "read_ios" : 29,
      "write_ios" : 134690,
      "read_merges" : 0,
      "write_merges" : 0,
      "read_ticks" : 139,
      "write_ticks" : 123228,
      "in_queue" : 123366,
      "util" : 99.933850
    }
  ]
}
