{
  "fio version" : "fio-3.28",
  "timestamp" : 1752934265,
  "timestamp_ms" : 1752934265808,
  "time" : "Sat Jul 19 14:11:05 2025",
  "jobs" : [
    {
      "jobname" : "write",
      "groupid" : 0,
      "error" : 0,
      "eta" : 0,
      "elapsed" : 133,
      "job options" : {
        "name" : "write",
        "filename" : "/dev/nvme0n1",
        "rw" : "write",
        "direct" : "1",
        "ioengine" : "sync",
        "bs" : "16K",
        "size" : "1z",
        "offset" : "30z",
        "offset_increment" : "1z",
        "numjobs" : "7",
        "zonemode" : "zbd"
      },
      "read" : {
        "io_bytes" : 0,
        "io_kbytes" : 0,
        "bw_bytes" : 0,
        "bw" : 0,
        "iops" : 0.000000,
        "runtime" : 0,
        "total_ios" : 0,
        "short_ios" : 0,
        "drop_ios" : 0,
        "slat_ns" : {
          "min" : 0,
          "max" : 0,
          "mean" : 0.000000,
          "stddev" : 0.000000,
          "N" : 0
        },
        "clat_ns" : {
          "min" : 0,
          "max" : 0,
          "mean" : 0.000000,
          "stddev" : 0.000000,
          "N" : 0
        },
        "lat_ns" : {
          "min" : 0,
          "max" : 0,
          "mean" : 0.000000,
          "stddev" : 0.000000,
          "N" : 0
        },
        "bw_min" : 0,
        "bw_max" : 0,
        "bw_agg" : 0.000000,
        "bw_mean" : 0.000000,
        "bw_dev" : 0.000000,
        "bw_samples" : 0,
        "iops_min" : 0,
        "iops_max" : 0,
        "iops_mean" : 0.000000,
        "iops_stddev" : 0.000000,
        "iops_samples" : 0
      },
      "write" : {
        "io_bytes" : 7751073792,
        "io_kbytes" : 7569408,
        "bw_bytes" : 58353776,
        "bw" : 56986,
        "iops" : 3561.631873,
        "runtime" : 132829,
        "total_ios" : 473088,
        "short_ios" : 0,
        "drop_ios" : 0,
        "slat_ns" : {
          "min" : 0,
          "max" : 0,
          "mean" : 0.000000,
          "stddev" : 0.000000,
          "N" : 0
        },
        "clat_ns" : {
          "min" : 732572,
          "max" : 563186967,
          "mean" : 1964901.425437,
          "stddev" : 3884885.123056,
          "N" : 473088,
          "percentile" : {
            "1.000000" : 790528,
            "5.000000" : 806912,
            "10.000000" : 815104,
            "20.000000" : 823296,
            "30.000000" : 823296,
            "40.000000" : 872448,
            "50.000000" : 888832,
            "60.000000" : 905216,
            "70.000000" : 905216,
            "80.000000" : 2277376,
            "90.000000" : 2375680,
            "95.000000" : 2408448,
            "99.000000" : 20316160,
            "99.500000" : 20316160,
            "99.900000" : 20316160,
            "99.950000" : 20578304,
            "99.990000" : 20578304
          }
        },
        "lat_ns" : {
          "min" : 732637,
          "max" : 563187359,
          "mean" : 1964980.664418,
          "stddev" : 3884914.178690,
          "N" : 473088
        },
        "bw_min" : 960,
        "bw_max" : 91616,
        "bw_agg" : 99.975241,
        "bw_mean" : 56972.577702,
        "bw_dev" : 5956.147504,
        "bw_samples" : 1854,
        "iops_min" : 60,
        "iops_max" : 5726,
        "iops_mean" : 3560.786106,
        "iops_stddev" : 372.259219,
        "iops_samples" : 1854
      },
      "trim" : {
        "io_bytes" : 0,
        "io_kbytes" : 0,
        "bw_bytes" : 0,
        "bw" : 0,
        "iops" : 0.000000,
        "runtime" : 0,
        "total_ios" : 0,
        "short_ios" : 0,
        "drop_ios" : 0,
        "slat_ns" : {
          "min" : 0,
          "max" : 0,
          "mean" : 0.000000,
          "stddev" : 0.000000,
          "N" : 0
        },
        "clat_ns" : {
          "min" : 0,
          "max" : 0,
          "mean" : 0.000000,
          "stddev" : 0.000000,
          "N" : 0
        },
        "lat_ns" : {
          "min" : 0,
          "max" : 0,
          "mean" : 0.000000,
          "stddev" : 0.000000,
          "N" : 0
        },
        "bw_min" : 0,
        "bw_max" : 0,
        "bw_agg" : 0.000000,
        "bw_mean" : 0.000000,
        "bw_dev" : 0.000000,
        "bw_samples" : 0,
        "iops_min" : 0,
        "iops_max" : 0,
        "iops_mean" : 0.000000,
        "iops_stddev" : 0.000000,
        "iops_samples" : 0
      },
      "sync" : {
        "total_ios" : 0,
        "lat_ns" : {
          "min" : 0,
          "max" : 0,
          "mean" : 0.000000,
          "stddev" : 0.000000,
          "N" : 0
        }
      },
      "job_runtime" : 929782,
      "usr_cpu" : 0.064639,
      "sys_cpu" : 0.340725,
      "ctx" : 473099,
      "majf" : 0,
      "minf" : 109,
      "iodepth_level" : {
        "1" : 100.000000,
        "2" : 0.000000,
        "4" : 0.000000,
        "8" : 0.000000,
        "16" : 0.000000,
        "32" : 0.000000,
        ">=64" : 0.000000
      },
      "iodepth_submit" : {
        "0" : 0.000000,
        "4" : 100.000000,
        "8" : 0.000000,
        "16" : 0.000000,
        "32" : 0.000000,
        "64" : 0.000000,
        ">=64" : 0.000000
      },
      "iodepth_complete" : {
        "0" : 0.000000,
        "4" : 100.000000,
        "8" : 0.000000,
        "16" : 0.000000,
        "32" : 0.000000,
        "64" : 0.000000,
        ">=64" : 0.000000
      },
      "latency_ns" : {
        "2" : 0.000000,
        "4" : 0.000000,
        "10" : 0.000000,
        "20" : 0.000000,
        "50" : 0.000000,
        "100" : 0.000000,
        "250" : 0.000000,
        "500" : 0.000000,
        "750" : 0.000000,
        "1000" : 0.000000
      },
      "latency_us" : {
        "2" : 0.000000,
        "4" : 0.000000,
        "10" : 0.000000,
        "20" : 0.000000,
        "50" : 0.000000,
        "100" : 0.000000,
        "250" : 0.000000,
        "500" : 0.000000,
        "750" : 0.397389,
        "1000" : 71.188870
      },
      "latency_ms" : {
        "2" : 0.010000,
        "4" : 23.862791,
        "10" : 0.010000,
        "20" : 3.410148,
        "50" : 1.135095,
        "100" : 0.010000,
        "250" : 0.010000,
        "500" : 0.010000,
        "750" : 0.010000,
        "1000" : 0.000000,
        "2000" : 0.000000,
        ">=2000" : 0.000000
      },
      "latency_depth" : 1,
      "latency_target" : 0,
      "latency_percentile" : 100.000000,
      "latency_window" : 0
    }
  ],
  "disk_util" : [
    {
      "name" : "nvme0n1",
      "read_ios" : 22,
      "write_ios" : 472064,
      "read_merges" : 0,
      "write_merges" : 0,
      "read_ticks" : 903,
      "write_ticks" : 926490,
      "in_queue" : 927394,
      "util" : 100.000000
    }
  ]
}
