{
  "fio version" : "fio-3.28",
  "timestamp" : 1752933761,
  "timestamp_ms" : 1752933761928,
  "time" : "Sat Jul 19 14:02:41 2025",
  "jobs" : [
    {
      "jobname" : "write",
      "groupid" : 0,
      "error" : 0,
      "eta" : 0,
      "elapsed" : 95,
      "job options" : {
        "name" : "write",
        "filename" : "/dev/nvme0n1",
        "rw" : "write",
        "direct" : "1",
        "ioengine" : "sync",
        "bs" : "16K",
        "size" : "1z",
        "offset" : "30z",
        "offset_increment" : "1z",
        "numjobs" : "5",
        "zonemode" : "zbd"
      },
      "read" : {
        "io_bytes" : 0,
        "io_kbytes" : 0,
        "bw_bytes" : 0,
        "bw" : 0,
        "iops" : 0.000000,
        "runtime" : 0,
        "total_ios" : 0,
        "short_ios" : 0,
        "drop_ios" : 0,
        "slat_ns" : {
          "min" : 0,
          "max" : 0,
          "mean" : 0.000000,
          "stddev" : 0.000000,
          "N" : 0
        },
        "clat_ns" : {
          "min" : 0,
          "max" : 0,
          "mean" : 0.000000,
          "stddev" : 0.000000,
          "N" : 0
        },
        "lat_ns" : {
          "min" : 0,
          "max" : 0,
          "mean" : 0.000000,
          "stddev" : 0.000000,
          "N" : 0
        },
        "bw_min" : 0,
        "bw_max" : 0,
        "bw_agg" : 0.000000,
        "bw_mean" : 0.000000,
        "bw_dev" : 0.000000,
        "bw_samples" : 0,
        "iops_min" : 0,
        "iops_max" : 0,
        "iops_mean" : 0.000000,
        "iops_stddev" : 0.000000,
        "iops_samples" : 0
      },
      "write" : {
        "io_bytes" : 5536481280,
        "io_kbytes" : 5406720,
        "bw_bytes" : 58623083,
        "bw" : 57249,
        "iops" : 3578.069079,
        "runtime" : 94442,
        "total_ios" : 337920,
        "short_ios" : 0,
        "drop_ios" : 0,
        "slat_ns" : {
          "min" : 0,
          "max" : 0,
          "mean" : 0.000000,
          "stddev" : 0.000000,
          "N" : 0
        },
        "clat_ns" : {
          "min" : 731996,
          "max" : 16191706,
          "mean" : 1396924.238053,
          "stddev" : 2322923.519219,
          "N" : 337920,
          "percentile" : {
            "1.000000" : 790528,
            "5.000000" : 798720,
            "10.000000" : 798720,
            "20.000000" : 815104,
            "30.000000" : 815104,
            "40.000000" : 839680,
            "50.000000" : 839680,
            "60.000000" : 864256,
            "70.000000" : 888832,
            "80.000000" : 1003520,
            "90.000000" : 1011712,
            "95.000000" : 1011712,
            "99.000000" : 13565952,
            "99.500000" : 13565952,
            "99.900000" : 13565952,
            "99.950000" : 13565952,
            "99.990000" : 13565952
          }
        },
        "lat_ns" : {
          "min" : 732142,
          "max" : 16191904,
          "mean" : 1397004.263920,
          "stddev" : 2322961.399209,
          "N" : 337920
        },
        "bw_min" : 6784,
        "bw_max" : 91520,
        "bw_agg" : 99.804181,
        "bw_mean" : 57137.361702,
        "bw_dev" : 8277.527763,
        "bw_samples" : 940,
        "iops_min" : 424,
        "iops_max" : 5720,
        "iops_mean" : 3571.085106,
        "iops_stddev" : 517.345485,
        "iops_samples" : 940
      },
      "trim" : {
        "io_bytes" : 0,
        "io_kbytes" : 0,
        "bw_bytes" : 0,
        "bw" : 0,
        "iops" : 0.000000,
        "runtime" : 0,
        "total_ios" : 0,
        "short_ios" : 0,
        "drop_ios" : 0,
        "slat_ns" : {
          "min" : 0,
          "max" : 0,
          "mean" : 0.000000,
          "stddev" : 0.000000,
          "N" : 0
        },
        "clat_ns" : {
          "min" : 0,
          "max" : 0,
          "mean" : 0.000000,
          "stddev" : 0.000000,
          "N" : 0
        },
        "lat_ns" : {
          "min" : 0,
          "max" : 0,
          "mean" : 0.000000,
          "stddev" : 0.000000,
          "N" : 0
        },
        "bw_min" : 0,
        "bw_max" : 0,
        "bw_agg" : 0.000000,
        "bw_mean" : 0.000000,
        "bw_dev" : 0.000000,
        "bw_samples" : 0,
        "iops_min" : 0,
        "iops_max" : 0,
        "iops_mean" : 0.000000,
        "iops_stddev" : 0.000000,
        "iops_samples" : 0
      },
      "sync" : {
        "total_ios" : 0,
        "lat_ns" : {
          "min" : 0,
          "max" : 0,
          "mean" : 0.000000,
          "stddev" : 0.000000,
          "N" : 0
        }
      },
      "job_runtime" : 472198,
      "usr_cpu" : 0.047438,
      "sys_cpu" : 0.531557,
      "ctx" : 337930,
      "majf" : 0,
      "minf" : 83,
      "iodepth_level" : {
        "1" : 100.000000,
        "2" : 0.000000,
        "4" : 0.000000,
        "8" : 0.000000,
        "16" : 0.000000,
        "32" : 0.000000,
        ">=64" : 0.000000
      },
      "iodepth_submit" : {
        "0" : 0.000000,
        "4" : 100.000000,
        "8" : 0.000000,
        "16" : 0.000000,
        "32" : 0.000000,
        "64" : 0.000000,
        ">=64" : 0.000000
      },
      "iodepth_complete" : {
        "0" : 0.000000,
        "4" : 100.000000,
        "8" : 0.000000,
        "16" : 0.000000,
        "32" : 0.000000,
        "64" : 0.000000,
        ">=64" : 0.000000
      },
      "latency_ns" : {
        "2" : 0.000000,
        "4" : 0.000000,
        "10" : 0.000000,
        "20" : 0.000000,
        "50" : 0.000000,
        "100" : 0.000000,
        "250" : 0.000000,
        "500" : 0.000000,
        "750" : 0.000000,
        "1000" : 0.000000
      },
      "latency_us" : {
        "2" : 0.000000,
        "4" : 0.000000,
        "10" : 0.000000,
        "20" : 0.000000,
        "50" : 0.000000,
        "100" : 0.000000,
        "250" : 0.000000,
        "500" : 0.000000,
        "750" : 0.071911,
        "1000" : 73.987038
      },
      "latency_ms" : {
        "2" : 20.965909,
        "4" : 0.010000,
        "10" : 1.243194,
        "20" : 3.731061,
        "50" : 0.000000,
        "100" : 0.000000,
        "250" : 0.000000,
        "500" : 0.000000,
        "750" : 0.000000,
        "1000" : 0.000000,
        "2000" : 0.000000,
        ">=2000" : 0.000000
      },
      "latency_depth" : 1,
      "latency_target" : 0,
      "latency_percentile" : 100.000000,
      "latency_window" : 0
    }
  ],
  "disk_util" : [
    {
      "name" : "nvme0n1",
      "read_ios" : 27,
      "write_ios" : 337675,
      "read_merges" : 0,
      "write_merges" : 0,
      "read_ticks" : 335,
      "write_ticks" : 470512,
      "in_queue" : 470846,
      "util" : 100.000000
    }
  ]
}
