{
  "fio version" : "fio-3.28",
  "timestamp" : 1753464336,
  "timestamp_ms" : 1753464336713,
  "time" : "Fri Jul 25 17:25:36 2025",
  "jobs" : [
    {
      "jobname" : "write",
      "groupid" : 0,
      "error" : 0,
      "eta" : 0,
      "elapsed" : 53,
      "job options" : {
        "name" : "write",
        "filename" : "/dev/nvme0n1",
        "rw" : "write",
        "direct" : "1",
        "ioengine" : "sync",
        "bs" : "16K",
        "size" : "1z",
        "offset" : "30z",
        "offset_increment" : "1z",
        "numjobs" : "3",
        "zonemode" : "zbd"
      },
      "read" : {
        "io_bytes" : 0,
        "io_kbytes" : 0,
        "bw_bytes" : 0,
        "bw" : 0,
        "iops" : 0.000000,
        "runtime" : 0,
        "total_ios" : 0,
        "short_ios" : 0,
        "drop_ios" : 0,
        "slat_ns" : {
          "min" : 0,
          "max" : 0,
          "mean" : 0.000000,
          "stddev" : 0.000000,
          "N" : 0
        },
        "clat_ns" : {
          "min" : 0,
          "max" : 0,
          "mean" : 0.000000,
          "stddev" : 0.000000,
          "N" : 0
        },
        "lat_ns" : {
          "min" : 0,
          "max" : 0,
          "mean" : 0.000000,
          "stddev" : 0.000000,
          "N" : 0
        },
        "bw_min" : 0,
        "bw_max" : 0,
        "bw_agg" : 0.000000,
        "bw_mean" : 0.000000,
        "bw_dev" : 0.000000,
        "bw_samples" : 0,
        "iops_min" : 0,
        "iops_max" : 0,
        "iops_mean" : 0.000000,
        "iops_stddev" : 0.000000,
        "iops_samples" : 0
      },
      "write" : {
        "io_bytes" : 3321888768,
        "io_kbytes" : 3244032,
        "bw_bytes" : 62875262,
        "bw" : 61401,
        "iops" : 3837.601499,
        "runtime" : 52833,
        "total_ios" : 202752,
        "short_ios" : 0,
        "drop_ios" : 0,
        "slat_ns" : {
          "min" : 0,
          "max" : 0,
          "mean" : 0.000000,
          "stddev" : 0.000000,
          "N" : 0
        },
        "clat_ns" : {
          "min" : 730083,
          "max" : 32139987,
          "mean" : 781333.658760,
          "stddev" : 557086.882384,
          "N" : 202752,
          "percentile" : {
            "1.000000" : 733184,
            "5.000000" : 733184,
            "10.000000" : 733184,
            "20.000000" : 733184,
            "30.000000" : 733184,
            "40.000000" : 733184,
            "50.000000" : 733184,
            "60.000000" : 733184,
            "70.000000" : 733184,
            "80.000000" : 733184,
            "90.000000" : 733184,
            "95.000000" : 741376,
            "99.000000" : 806912,
            "99.500000" : 4227072,
            "99.900000" : 8355840,
            "99.950000" : 8355840,
            "99.990000" : 8454144
          }
        },
        "lat_ns" : {
          "min" : 730140,
          "max" : 32140353,
          "mean" : 781396.322571,
          "stddev" : 557101.317752,
          "N" : 202752
        },
        "bw_min" : 7552,
        "bw_max" : 65632,
        "bw_agg" : 100.000000,
        "bw_mean" : 61402.209524,
        "bw_dev" : 4844.591227,
        "bw_samples" : 315,
        "iops_min" : 472,
        "iops_max" : 4102,
        "iops_mean" : 3837.638095,
        "iops_stddev" : 302.786952,
        "iops_samples" : 315
      },
      "trim" : {
        "io_bytes" : 0,
        "io_kbytes" : 0,
        "bw_bytes" : 0,
        "bw" : 0,
        "iops" : 0.000000,
        "runtime" : 0,
        "total_ios" : 0,
        "short_ios" : 0,
        "drop_ios" : 0,
        "slat_ns" : {
          "min" : 0,
          "max" : 0,
          "mean" : 0.000000,
          "stddev" : 0.000000,
          "N" : 0
        },
        "clat_ns" : {
          "min" : 0,
          "max" : 0,
          "mean" : 0.000000,
          "stddev" : 0.000000,
          "N" : 0
        },
        "lat_ns" : {
          "min" : 0,
          "max" : 0,
          "mean" : 0.000000,
          "stddev" : 0.000000,
          "N" : 0
        },
        "bw_min" : 0,
        "bw_max" : 0,
        "bw_agg" : 0.000000,
        "bw_mean" : 0.000000,
        "bw_dev" : 0.000000,
        "bw_samples" : 0,
        "iops_min" : 0,
        "iops_max" : 0,
        "iops_mean" : 0.000000,
        "iops_stddev" : 0.000000,
        "iops_samples" : 0
      },
      "sync" : {
        "total_ios" : 0,
        "lat_ns" : {
          "min" : 0,
          "max" : 0,
          "mean" : 0.000000,
          "stddev" : 0.000000,
          "N" : 0
        }
      },
      "job_runtime" : 158493,
      "usr_cpu" : 0.116724,
      "sys_cpu" : 0.793095,
      "ctx" : 202758,
      "majf" : 0,
      "minf" : 43,
      "iodepth_level" : {
        "1" : 100.000000,
        "2" : 0.000000,
        "4" : 0.000000,
        "8" : 0.000000,
        "16" : 0.000000,
        "32" : 0.000000,
        ">=64" : 0.000000
      },
      "iodepth_submit" : {
        "0" : 0.000000,
        "4" : 100.000000,
        "8" : 0.000000,
        "16" : 0.000000,
        "32" : 0.000000,
        "64" : 0.000000,
        ">=64" : 0.000000
      },
      "iodepth_complete" : {
        "0" : 0.000000,
        "4" : 100.000000,
        "8" : 0.000000,
        "16" : 0.000000,
        "32" : 0.000000,
        "64" : 0.000000,
        ">=64" : 0.000000
      },
      "latency_ns" : {
        "2" : 0.000000,
        "4" : 0.000000,
        "10" : 0.000000,
        "20" : 0.000000,
        "50" : 0.000000,
        "100" : 0.000000,
        "250" : 0.000000,
        "500" : 0.000000,
        "750" : 0.000000,
        "1000" : 0.000000
      },
      "latency_us" : {
        "2" : 0.000000,
        "4" : 0.000000,
        "10" : 0.000000,
        "20" : 0.000000,
        "50" : 0.000000,
        "100" : 0.000000,
        "250" : 0.000000,
        "500" : 0.000000,
        "750" : 97.897925,
        "1000" : 1.209852
      },
      "latency_ms" : {
        "2" : 0.010000,
        "4" : 0.222932,
        "10" : 0.664358,
        "20" : 0.010000,
        "50" : 0.010000,
        "100" : 0.000000,
        "250" : 0.000000,
        "500" : 0.000000,
        "750" : 0.000000,
        "1000" : 0.000000,
        "2000" : 0.000000,
        ">=2000" : 0.000000
      },
      "latency_depth" : 1,
      "latency_target" : 0,
      "latency_percentile" : 100.000000,
      "latency_window" : 0
    }
  ],
  "disk_util" : [
    {
      "name" : "nvme0n1",
      "read_ios" : 24,
      "write_ios" : 202000,
      "read_merges" : 0,
      "write_merges" : 0,
      "read_ticks" : 79,
      "write_ticks" : 157177,
      "in_queue" : 157255,
      "util" : 99.935518
    }
  ]
}
