{
  "fio version" : "fio-3.28",
  "timestamp" : 1752901785,
  "timestamp_ms" : 1752901785315,
  "time" : "Sat Jul 19 05:09:45 2025",
  "jobs" : [
    {
      "jobname" : "write",
      "groupid" : 0,
      "error" : 0,
      "eta" : 0,
      "elapsed" : 72,
      "job options" : {
        "name" : "write",
        "filename" : "/dev/nvme0n1",
        "rw" : "write",
        "direct" : "1",
        "ioengine" : "sync",
        "bs" : "16K",
        "size" : "1z",
        "offset" : "30z",
        "offset_increment" : "1z",
        "numjobs" : "6",
        "zonemode" : "zbd"
      },
      "read" : {
        "io_bytes" : 0,
        "io_kbytes" : 0,
        "bw_bytes" : 0,
        "bw" : 0,
        "iops" : 0.000000,
        "runtime" : 0,
        "total_ios" : 0,
        "short_ios" : 0,
        "drop_ios" : 0,
        "slat_ns" : {
          "min" : 0,
          "max" : 0,
          "mean" : 0.000000,
          "stddev" : 0.000000,
          "N" : 0
        },
        "clat_ns" : {
          "min" : 0,
          "max" : 0,
          "mean" : 0.000000,
          "stddev" : 0.000000,
          "N" : 0
        },
        "lat_ns" : {
          "min" : 0,
          "max" : 0,
          "mean" : 0.000000,
          "stddev" : 0.000000,
          "N" : 0
        },
        "bw_min" : 0,
        "bw_max" : 0,
        "bw_agg" : 0.000000,
        "bw_mean" : 0.000000,
        "bw_dev" : 0.000000,
        "bw_samples" : 0,
        "iops_min" : 0,
        "iops_max" : 0,
        "iops_mean" : 0.000000,
        "iops_stddev" : 0.000000,
        "iops_samples" : 0
      },
      "write" : {
        "io_bytes" : 6643777536,
        "io_kbytes" : 6488064,
        "bw_bytes" : 92734496,
        "bw" : 90561,
        "iops" : 5660.064486,
        "runtime" : 71643,
        "total_ios" : 405504,
        "short_ios" : 0,
        "drop_ios" : 0,
        "slat_ns" : {
          "min" : 0,
          "max" : 0,
          "mean" : 0.000000,
          "stddev" : 0.000000,
          "N" : 0
        },
        "clat_ns" : {
          "min" : 730859,
          "max" : 204437131,
          "mean" : 1059274.185241,
          "stddev" : 814849.907221,
          "N" : 405504,
          "percentile" : {
            "1.000000" : 741376,
            "5.000000" : 806912,
            "10.000000" : 815104,
            "20.000000" : 823296,
            "30.000000" : 839680,
            "40.000000" : 864256,
            "50.000000" : 897024,
            "60.000000" : 929792,
            "70.000000" : 929792,
            "80.000000" : 1466368,
            "90.000000" : 1679360,
            "95.000000" : 1679360,
            "99.000000" : 1761280,
            "99.500000" : 1794048,
            "99.900000" : 1826816,
            "99.950000" : 3948544,
            "99.990000" : 19005440
          }
        },
        "lat_ns" : {
          "min" : 730922,
          "max" : 204437920,
          "mean" : 1059341.785038,
          "stddev" : 814853.089452,
          "N" : 405504
        },
        "bw_min" : 6560,
        "bw_max" : 91584,
        "bw_agg" : 100.000000,
        "bw_mean" : 90584.167832,
        "bw_dev" : 1294.111719,
        "bw_samples" : 858,
        "iops_min" : 410,
        "iops_max" : 5724,
        "iops_mean" : 5661.510490,
        "iops_stddev" : 80.881982,
        "iops_samples" : 858
      },
      "trim" : {
        "io_bytes" : 0,
        "io_kbytes" : 0,
        "bw_bytes" : 0,
        "bw" : 0,
        "iops" : 0.000000,
        "runtime" : 0,
        "total_ios" : 0,
        "short_ios" : 0,
        "drop_ios" : 0,
        "slat_ns" : {
          "min" : 0,
          "max" : 0,
          "mean" : 0.000000,
          "stddev" : 0.000000,
          "N" : 0
        },
        "clat_ns" : {
          "min" : 0,
          "max" : 0,
          "mean" : 0.000000,
          "stddev" : 0.000000,
          "N" : 0
        },
        "lat_ns" : {
          "min" : 0,
          "max" : 0,
          "mean" : 0.000000,
          "stddev" : 0.000000,
          "N" : 0
        },
        "bw_min" : 0,
        "bw_max" : 0,
        "bw_agg" : 0.000000,
        "bw_mean" : 0.000000,
        "bw_dev" : 0.000000,
        "bw_samples" : 0,
        "iops_min" : 0,
        "iops_max" : 0,
        "iops_mean" : 0.000000,
        "iops_stddev" : 0.000000,
        "iops_samples" : 0
      },
      "sync" : {
        "total_ios" : 0,
        "lat_ns" : {
          "min" : 0,
          "max" : 0,
          "mean" : 0.000000,
          "stddev" : 0.000000,
          "N" : 0
        }
      },
      "job_runtime" : 429840,
      "usr_cpu" : 0.071189,
      "sys_cpu" : 0.600223,
      "ctx" : 405534,
      "majf" : 0,
      "minf" : 99,
      "iodepth_level" : {
        "1" : 100.000000,
        "2" : 0.000000,
        "4" : 0.000000,
        "8" : 0.000000,
        "16" : 0.000000,
        "32" : 0.000000,
        ">=64" : 0.000000
      },
      "iodepth_submit" : {
        "0" : 0.000000,
        "4" : 100.000000,
        "8" : 0.000000,
        "16" : 0.000000,
        "32" : 0.000000,
        "64" : 0.000000,
        ">=64" : 0.000000
      },
      "iodepth_complete" : {
        "0" : 0.000000,
        "4" : 100.000000,
        "8" : 0.000000,
        "16" : 0.000000,
        "32" : 0.000000,
        "64" : 0.000000,
        ">=64" : 0.000000
      },
      "latency_ns" : {
        "2" : 0.000000,
        "4" : 0.000000,
        "10" : 0.000000,
        "20" : 0.000000,
        "50" : 0.000000,
        "100" : 0.000000,
        "250" : 0.000000,
        "500" : 0.000000,
        "750" : 0.000000,
        "1000" : 0.000000
      },
      "latency_us" : {
        "2" : 0.000000,
        "4" : 0.000000,
        "10" : 0.000000,
        "20" : 0.000000,
        "50" : 0.000000,
        "100" : 0.000000,
        "250" : 0.000000,
        "500" : 0.000000,
        "750" : 1.515891,
        "1000" : 73.411853
      },
      "latency_ms" : {
        "2" : 24.977805,
        "4" : 0.044882,
        "10" : 0.022934,
        "20" : 0.023428,
        "50" : 0.010000,
        "100" : 0.010000,
        "250" : 0.010000,
        "500" : 0.000000,
        "750" : 0.000000,
        "1000" : 0.000000,
        "2000" : 0.000000,
        ">=2000" : 0.000000
      },
      "latency_depth" : 1,
      "latency_target" : 0,
      "latency_percentile" : 100.000000,
      "latency_window" : 0
    }
  ],
  "disk_util" : [
    {
      "name" : "nvme0n1",
      "read_ios" : 21,
      "write_ios" : 404116,
      "read_merges" : 0,
      "write_merges" : 0,
      "read_ticks" : 406,
      "write_ticks" : 426764,
      "in_queue" : 427170,
      "util" : 100.000000
    }
  ]
}
